{"cameraMode":{"drawMode":0,"name":"Shaded","section":"Shading Mode"},"sceneLighting":false,"audioPlay":false,"sceneViewState":{"showFog":true,"showMaterialUpdate":false,"showSkybox":false,"showFlares":true,"showImageEffects":true,"showParticleSystems":true},"in2DMode":false,"pivot":{"x":-0.11280003935098648,"y":0.6200000047683716,"z":-0.47300004959106448},"rotation":{"x":-0.07520279288291931,"y":0.9216212034225464,"z":-0.226411834359169,"w":-0.30609917640686037},"size":5.309807777404785,"orthographic":true}