{"cameraMode":{"drawMode":0,"name":"Shaded","section":"Shading Mode"},"sceneLighting":true,"audioPlay":false,"sceneViewState":{"showFog":true,"showMaterialUpdate":true,"showSkybox":true,"showFlares":true,"showImageEffects":true,"showParticleSystems":true},"in2DMode":false,"pivot":{"x":-6.272106647491455,"y":0.5929641723632813,"z":2.5008544921875},"rotation":{"x":0.03173008933663368,"y":0.9503515958786011,"z":-0.29179179668426516,"w":0.10335696488618851},"size":6.76158332824707,"orthographic":false}