{"cameraMode":{"drawMode":0,"name":"Shaded","section":"Shading Mode"},"sceneLighting":true,"audioPlay":false,"sceneViewState":{"showFog":true,"showMaterialUpdate":true,"showSkybox":true,"showFlares":true,"showImageEffects":true,"showParticleSystems":true},"in2DMode":false,"pivot":{"x":-0.24477028846740724,"y":0.8337101936340332,"z":0.7804138660430908},"rotation":{"x":0.08120469748973847,"y":0.912572979927063,"z":-0.3335372507572174,"w":0.22219225764274598},"size":3.516010284423828,"orthographic":false}